source,canonical
ADLETA INC,"Adleta, Inc."
"ADLETA, INC.","Adleta, Inc."
HOWELL CONTRACTORS INC,"Howell Contractors, Inc."
"HOWELL CONTRACTORS, INC.","Howell Contractors, Inc."
STANTEC CONSULTING SERVICES INC,Stantec Consulting Services Inc.
Stantec Consulting Services Inc.,Stantec Consulting Services Inc.
TREASURER STATE OF OHIO,Treasurer State of Ohio
"TREASURER, STATE OF OHIO",Treasurer State of Ohio
Treasurer State of Ohio,Treasurer State of Ohio
"Treasurer, State of Ohio",Treasurer State of Ohio
Treasurer-State of Ohio,Treasurer State of Ohio
"Strategies To End Homelessness, Inc.","Strategies To End Homelessness, Inc."
Strategies to End Homelessness,"Strategies To End Homelessness, Inc."
HIGHTOWERS PETROLEUM CO,Hightowers Petroleum Company
Hightowers Petroleum Company,Hightowers Petroleum Company
JACOBS ENGINEERING GROUP INC.,"Jacobs Engineering Group, Inc."
"JACOBS ENGINEERING GROUP, INC.","Jacobs Engineering Group, Inc."
Dugan & Meyers,Dugan & Meyers LLC
Dugan & Meyers LLC,Dugan & Meyers LLC
FIFTH THIRD BANK,Fifth Third Bank
Fifth Third Bank,Fifth Third Bank
OCHIN,"OCHIN, Inc."
"OCHIN, Inc.","OCHIN, Inc."
URBAN LEAGUE OF GREATER SOUTHWESTERN OHIO INC,Urban League of Greater Southwestern Ohio Inc
Urban League of Greater Southwestern Ohio,Urban League of Greater Southwestern Ohio Inc
PATRICK ENGINEERING,Patrick Engineering Inc.
Patrick Engineering Inc.,Patrick Engineering Inc.
MUNICIPAL & CONTRACTORS SEALING PRODUCTS INC,Municipal & Contractors Sealing Products Inc
"Municipal and Contractors Sealing Products, LLC",Municipal & Contractors Sealing Products Inc
CINCINNATI BELL TELEPHONE COMPANY,Cincinnati Bell Telephone Company LLC
CINCINNATI BELL TELEPHONE COMPANY LLC,Cincinnati Bell Telephone Company LLC
Cincinnati Bell Telephone Company LLC,Cincinnati Bell Telephone Company LLC
BURGESS & NIPLE INC,"Burgess & Niple, Inc."
"Burgess & Niple, Inc.","Burgess & Niple, Inc."
CINCINNATI-HAMILTON COUNTY COMMUNITY ACTION AGENCY,Cincinnati-Hamilton County Community Action Agency
Cincinnati-Hamilton County Community Action Agency,Cincinnati-Hamilton County Community Action Agency
CINCINNATI CENTER CITY DEVELOPMENT CORPORATION,Cincinnati Center City Development Corporation
Cincinnati Center City Development Corporation,Cincinnati Center City Development Corporation
GENERAL FACTORY SUPPLIES CO,General Factory Supplies Co
GENERAL FACTORY SUPPLIES CO INC,General Factory Supplies Co
SMITH & BROWN CONTRACTORS INC,"Smith & Brown Contractors, Inc."
"SMITH & BROWN CONTRACTORS, INC.","Smith & Brown Contractors, Inc."
"Lykins Contracting, Inc.","Lykins Contracting, LLC"
"Lykins Contracting, LLC","Lykins Contracting, LLC"
EMA INC,"Ema, Inc."
"EMA, INC.","Ema, Inc."
HAMILTON COUNTY LAND REUTILIZATION CORPORATION,Hamilton County Land Reutilization Corporation
Hamilton County Land Reutilization Corporation,Hamilton County Land Reutilization Corporation
NSG Inc.,"NSG, Inc."
"NSG, Inc.","NSG, Inc."
CINTAS CORP #2,Cintas Corporation
Cintas Corporation,Cintas Corporation
STATE OF OHIO,State of Ohio
State of Ohio,State of Ohio
CINCINNATI USA REGIONAL CHAMBER,Cincinnati USA Regional Chamber
Cincinnati USA Regional Chamber,Cincinnati USA Regional Chamber
Cincinnati Bell,Cincinnati Bell Inc
Cincinnati Bell Inc,Cincinnati Bell Inc
CDM SMITH INC.,Cdm Smith Inc.
"CDM SMITH, INC.",Cdm Smith Inc.
MURPHY SUPPLY CO,Murphy Supply Co
"Murphy Supply Company, LLC",Murphy Supply Co
CITY OF CINCINNATI,City of Cincinnati
City of Cincinnati,City of Cincinnati
KZF DESIGN INC,KZF Design Inc.
KZF Design Inc.,KZF Design Inc.
A & A SAFETY INC,A & A Safety Inc
A&A Safety,A & A Safety Inc
"A&A Safety, Inc.",A & A Safety Inc
TRITECH SOFTWARE SYSTEMS,Tritech Software Systems
Tritech Software Systems,Tritech Software Systems
Change Healthcare,Change Healthcare LLC
Change Healthcare LLC,Change Healthcare LLC
ABB Inc,ABB Inc
"ABB, INC",ABB Inc
SOCIETY OF ST VINCENT DE PAUL,Society of St Vincent de Paul
Society of St. Vincent de Paul Inc,Society of St Vincent de Paul
Univar Solutions USA Inc.,Univar Solutions USA Inc.
Univar Solutions USA LLC,Univar Solutions USA Inc.
INVEST IN NEIGHBORHOODS,Invest in Neighborhoods Inc
INVEST IN NEIGHBORHOODS INC,Invest in Neighborhoods Inc
Invest In Neighborhoods,Invest in Neighborhoods Inc
"Invest In Neighborhoods, Inc",Invest in Neighborhoods Inc
Invest in Neighborhoods,Invest in Neighborhoods Inc
Invest in Neighborhoods Inc,Invest in Neighborhoods Inc
"Invest in Neighborhoods, Inc",Invest in Neighborhoods Inc
ART OPPORTUNITIES INC,Art Opportunities Inc
"Art Opportunities, Inc",Art Opportunities Inc
OVER THE RHINE COMMUNITY HOUSING,Over the Rhine Community Housing
OVER-THE-RHINE COMMUNITY HOUSING,Over the Rhine Community Housing
SYCAMORE TOWNSHIP,Sycamore Township
Sycamore Township,Sycamore Township
WINSTEL CONTROLS INC,Winstel Controls Inc.
WINSTEL CONTROLS INC.,Winstel Controls Inc.
ATC Group Services,ATC Group Services
ATC Group Services LLC,ATC Group Services
OHIO BUREAU OF WORKERS COMPENSATION,Ohio Bureau of Workers Compensation
Ohio Bureau of Workers' Compensation,Ohio Bureau of Workers Compensation
Nu Look Cleaning LLC,Nu Look Cleaning LLC
Nu-Look Cleaning LLC,Nu Look Cleaning LLC
"American Pavements, Inc.","American Pavements, Inc."
"American Pavements, LLC.","American Pavements, Inc."
BRANDSTETTER CARROLL INC.,"Brandstetter Carroll, Inc."
"Brandstetter Carroll, Inc.","Brandstetter Carroll, Inc."
JWC ENVIRONMENTAL,Jwc Environmental Inc.
JWC ENVIRONMENTAL INC.,Jwc Environmental Inc.
NEENAH FOUNDRY CO,Neenah Foundry Company
Neenah Foundry Company,Neenah Foundry Company
WM KRAMER & SON INC,"Wm. Kramer & Son, Inc."
"Wm. Kramer & Son, Inc.","Wm. Kramer & Son, Inc."
Xylem Water Solutions USA Inc.,Xylem Water Solutions USA Inc.
"Xylem Water Solutions USA, Inc.",Xylem Water Solutions USA Inc.
QUEEN CITY ELECTRIC INC,Queen City Electric
Queen City Electric,Queen City Electric
AT & T,AT&T Corp
AT&T,AT&T Corp
AT&T Corp,AT&T Corp
AT&T Corporation,AT&T Corp
At&T,AT&T Corp
"CUSTOM DESIGN BENEFITS, INC.","Custom Design Benefits, LLC"
"Custom Design Benefits, LLC","Custom Design Benefits, LLC"
"K Bealer Consulting, Inc.","K Bealer Consulting, LLC"
"K Bealer Consulting, LLC","K Bealer Consulting, LLC"
"SUPERIOR ENVIRONMENTAL SOLUTIONS, INC.","Superior Environmental Solutions, Inc."
"SUPERIOR ENVIRONMENTAL SOLUTIONS, LLC","Superior Environmental Solutions, Inc."
UC HEALTH,Uc Health
UC Health,Uc Health
HYDRO CONTROLS LLC,"Hydro Controls, Inc."
"HYDRO CONTROLS, INC.","Hydro Controls, Inc."
Franzenburg,Franzenburg LLC
Franzenburg LLC,Franzenburg LLC
"EmNet, LLC","EmNet, LLC."
"EmNet, LLC.","EmNet, LLC."
UNIVERSITY OF CINCINNATI,University of Cincinnati
University of Cincinnati,University of Cincinnati
EXEPRIMENTAL HOLDINGS INC,Exeprimental Holdings Inc
EXEPRIMENTAL HOLDINGS LLC,Exeprimental Holdings Inc
Ohio State University,Ohio State University
The Ohio State University,Ohio State University
CINCINNATI COPIERS INC,"Cincinnati Copiers, Inc."
"Cincinnati Copiers, Inc.","Cincinnati Copiers, Inc."
TASER INTERNATIONAL,Taser International
Taser International,Taser International
CARUS CORPORATION,Carus LLC
CARUS LLC,Carus LLC
TELEDYNE INSTRUMENTS,"Teledyne Instruments, Inc."
Teledyne Instruments,"Teledyne Instruments, Inc."
"Teledyne Instruments, Inc.","Teledyne Instruments, Inc."
"DLT SOLUTIONS, INC.","DLT Solutions, LLC."
"DLT Solutions, LLC.","DLT Solutions, LLC."
Eight Eleven Group LLC,"Eight Eleven Group, LLC"
"Eight Eleven Group, LLC","Eight Eleven Group, LLC"
MYTHICS INC,Mythics Inc
Mythics LLC,Mythics Inc
HL Gray Enterprises,"HL Gray Enterprises, Inc"
"HL Gray Enterprises, Inc","HL Gray Enterprises, Inc"
REDI Cincinnati,"REDI Cincinnati, LLC"
REDI Cincinnati Inc,"REDI Cincinnati, LLC"
"REDI Cincinnati, LLC","REDI Cincinnati, LLC"
FERGUSON ENTERPRISES INC,"Ferguson Enterprises, Inc."
"FERGUSON ENTERPRISES, INC.","Ferguson Enterprises, Inc."
"Ferguson Enterprises, LLC","Ferguson Enterprises, Inc."
UNIVERSAL PROTECTION SERVICE LP,Universal Protection Service
Universal Protection Service,Universal Protection Service
ASSETWORKS INC.,AssetWorks Inc
AssetWorks Inc,AssetWorks Inc
XAVIER UNIVERSITY,Xavier University
Xavier University,Xavier University
"Oberson's Nursery and Landscapes, Inc.","Oberson's Nursery and Landscapes, Inc."
"Oberson's Nursery and Landscapes, LLC","Oberson's Nursery and Landscapes, Inc."
ALEXANDER CHEMICAL CORP,Alexander Chemical Corporation
ALEXANDER CHEMICAL CORPORATION,Alexander Chemical Corporation
VICTOR STANLEY INC,Victor Stanley LLC
Victor Stanley LLC,Victor Stanley LLC
HNTB OHIO INC,Hntb Ohio Inc
"HNTB Ohio, Inc.",Hntb Ohio Inc
T-Mobile USA,T-Mobile USA
T-Mobile USA Inc,T-Mobile USA
"T-Mobile USA, Inc.",T-Mobile USA
DB3 Solutions,DB3 Solutions
"DB3 Solutions, Inc",DB3 Solutions
LOGAN CREEK LLC,Logan Creek LLC
Logan Creek LLC,Logan Creek LLC
RESOURCE INTERNATIONAL INC,"Resource International, Inc."
"RESOURCE INTERNATIONAL, INC.","Resource International, Inc."
Allbritton Lee LLC,Allbritton Lee LLC
"Allbritton Lee, LLC",Allbritton Lee LLC
CLIFTON CULTURAL ARTS CENTER,Clifton Cultural Arts Center
Clifton Cultural Arts Center,Clifton Cultural Arts Center
SOUTH BLOCK PROPERTIES LTD,South Block Properties Ltd
South Block Properties Ltd,South Block Properties Ltd
JOY OUTDOOR EDUCATION CENTER,Joy Outdoor Education Center
Joy Outdoor Education Center,Joy Outdoor Education Center
CLARKE POWER SERVICES INC,Clarke Power Services Inc
"Clarke Power Services, Inc.",Clarke Power Services Inc
"Pen-Link, LTD","Pen-Link, Ltd."
"Pen-Link, Ltd","Pen-Link, Ltd."
"Pen-Link, Ltd.","Pen-Link, Ltd."
"Pen-Link,LTD","Pen-Link, Ltd."
INNOVYZE INC,Innovyze Inc
Innovyze Inc.,Innovyze Inc
SCHNEIDER ELECTRIC USA INC,"Schneider Electric USA, Inc"
"Schneider Electric USA, Inc","Schneider Electric USA, Inc"
DunnhumbyUSA LLC,"dunnhumbyUSA, LLC"
"dunnhumbyUSA, LLC","dunnhumbyUSA, LLC"
THE SAFETY COMPANY LLC,The Safety Company LLC
"The Safety Company, LLC",The Safety Company LLC
THP LIMITED,Thp Limited
THP LIMITED INC.,Thp Limited
"Vets Securing America, Inc.",vets securing america
vets securing america,vets securing america
The Village of Greenhills,Village of Greenhills
Village of Greenhills,Village of Greenhills
CUMMINS BRIDGEWAY LLC,Cummins Bridgeway LLC
Cummins Bridgeway,Cummins Bridgeway LLC
DRIEKAST PIPING CORP.,Driekast Piping Corp.
Driekast Piping Corp.,Driekast Piping Corp.
OPEN TEXT INC,Open Text Inc
OPEN TEXT INC.,Open Text Inc
"River Rock Ventures, Inc.","River Rock Ventures, Inc."
"River Rock Ventures, LLC","River Rock Ventures, Inc."
"Geotechnology, Inc.","Geotechnology, Inc."
"Geotechnology, LLC","Geotechnology, Inc."
UNITED MAIL INC,United Mail Inc
UNITED MAIL LLC,United Mail Inc
"AQUA SCIENCE, LLC","Aqua Science, LLC"
"Aqua Science, Inc.","Aqua Science, LLC"
MILL CREEK WATERSHED COUNCIL,Mill Creek Watershed Council
Mill Creek Watershed Council,Mill Creek Watershed Council
Episcopal Retirement Homes,"Episcopal Retirement Homes, Inc."
"Episcopal Retirement Homes, Inc.","Episcopal Retirement Homes, Inc."
"CITY DASH, INC","City Dash, Inc"
"CITY DASH, LLC","City Dash, Inc"
EMERSION DESIGN LLC,Emersion Design LLC
Emersion Design LLC,Emersion Design LLC
"Pace Analytical Services, Inc","Pace Analytical Services, Inc."
"Pace Analytical Services, Inc.","Pace Analytical Services, Inc."
"Pace Analytical Services, LLC","Pace Analytical Services, Inc."
Accent Signs LLC,"Accent Signs, LLC"
"Accent Signs, LLC","Accent Signs, LLC"
UniFirst,Unifirst Corporation
Unifirst Corporation,Unifirst Corporation
Thermo NITON Analyzers LLC,"Thermo Niton Analyzers, LLC"
"Thermo Niton Analyzers, LLC","Thermo Niton Analyzers, LLC"
TRISTATE VALVES & CONTROLS,Tristate Valves & Controls
Tristate Valves & Controls,Tristate Valves & Controls
Allied Car Wash,"Allied Car Wash, Inc."
"Allied Car Wash, Inc.","Allied Car Wash, Inc."
ABS BUSINESS PRODUCTS INC,Abs Business Products Inc
ABS Business PRoducts Inc.,Abs Business Products Inc
ABS Business Products,Abs Business Products Inc
ABS Business Products Inc,Abs Business Products Inc
"Blue River Interactive Group, Inc","Blue River Interactive Group, Inc."
"Blue River Interactive Group, Inc.","Blue River Interactive Group, Inc."
"LOGICALIS, INC","Logicalis, Inc"
"Logicalis, Inc.","Logicalis, Inc"
EBEL-BINDER PRINTING CO INC,Ebel-Binder Printing Co Inc
"Ebel Binder Printing Co., Inc.",Ebel-Binder Printing Co Inc
HABEGGER CORP,Habegger Corp
Habegger Corporation,Habegger Corp
SEHLHORST EQUIPMENT SERVICES LLC,Sehlhorst Equipment Services LLC
Sehlhorst Equipment Services LLC,Sehlhorst Equipment Services LLC
BECK CONSULTING INC,Beck Consulting Inc
"BECK CONSULTING, INC.",Beck Consulting Inc
Abercrumbie Group,The Abercrumbie Group
THE ABERCRUMBIE GROUP,The Abercrumbie Group
The Abercrumbie Group,The Abercrumbie Group
FROST BROWN TODD LLC,Frost Brown Todd LLC
Frost Brown Todd LLC,Frost Brown Todd LLC
PERMA-PATCH,Perma-Patch
"Perma-Patch, LLC",Perma-Patch
QUEEN CITY TRANSPORTATION LLC,Queen City Transportation LLC
Queen City Transportation LLC,Queen City Transportation LLC
JAMES E SMITH,James E Smith
James E Smith,James E Smith
STEP Resources,STEP Resources
"STEP Resources Company, LLC",STEP Resources
MOTION INDUSTRIES,Motion Industries
"Motion Industries, Inc",Motion Industries
GRAY & PAPE INC,Gray & Pape Inc
"Gray & Pape, Inc.",Gray & Pape Inc
UNITED RENTALS,United Rentals
"United Rentals, Inc.",United Rentals
"JAZJORDAN INC,","Jazjordan Inc,"
JazJordan Inc.,"Jazjordan Inc,"
"JazJordan, Inc","Jazjordan Inc,"
MCLEAN CO,The McLean Company
The McLean Company,The McLean Company
"AMERINATIONAL COMMUNITY SERVICES, INC.","Amerinational Community Services, Inc."
"AMERINATIONAL COMMUNITY SERVICES, LLC","Amerinational Community Services, Inc."
CARTHAGE CIVIC LEAGUE,The Carthage Civic League Inc
CARTHAGE CIVIC LEAGUE INC,The Carthage Civic League Inc
THE CARTHAGE CIVIC LEAGUE INC,The Carthage Civic League Inc
IMANI R FOWLER,Imani R Fowler
Imani R Fowler,Imani R Fowler
YORK VALUATION,York Valuation
York Valuation,York Valuation
OHIO MUNICIPAL LEAGUE,Ohio Municipal League
Ohio Municipal League,Ohio Municipal League
EVANSTON COMMUNITY COUNCIL,Evanston Community Council
Evanston Community Council,Evanston Community Council
OHIO ASSOCIATION OF COMMUNITY HEALTH CENTERS,Ohio Association of Community Health Centers
Ohio Association of Community Health Centers,Ohio Association of Community Health Centers
KEIDEL SUPPLY CO INC,Keidel Supply Company
Keidel Supply Company,Keidel Supply Company
"Keidel Supply Company, Inc.",Keidel Supply Company
"CertaSite, LLC","CertaSite, LLC"
Certasite llc,"CertaSite, LLC"
DUKE ENERGY (CONVENTION CENTER),Duke Energy (Convention Center)
DUKE ENERGY CONVENTION CENTER,Duke Energy (Convention Center)
POLICE EXECUTIVE RESEARCH FORUM,Police Executive Research Forum
Police Executive Research Forum,Police Executive Research Forum
Police executive Research Forum,Police Executive Research Forum
ADVERTISING VEHICLES,Advertising Vehicles
"Advertising Vehicles, Inc",Advertising Vehicles
RELY SUPPLY LLC,"Rely Supply, LLC"
"Rely Supply, LLC","Rely Supply, LLC"
DIGITECH COMPUTER INC,Digitech Computer LLC
DIGITECH COMPUTER LLC,Digitech Computer LLC
EAST WALNUT HILLS ASSEMBLY,East Walnut Hills Assembly
EAST WALNUT HILLS ASSEMBLY INC,East Walnut Hills Assembly
MOTION PICTURE LICENSING CORP,Motion Picture Licensing Corp
MOTION PICTURE LICENSING CORPORATION,Motion Picture Licensing Corp
MOODY/NOLAN LTD INC,Moody Nolan Inc.
Moody Nolan Inc.,Moody Nolan Inc.
D & K Supplies Janitorial,D & K Supplies Janitorial LLC
D & K Supplies Janitorial LLC,D & K Supplies Janitorial LLC
TRI STATE AUDIO VISUAL CO,Tri State Audio Visual Co
Tri-State Audio Visual,Tri State Audio Visual Co
HEAVEN AND EARTH CLEANING INC,Heaven and Earth Cleaning Inc
Heaven and Earth Cleaning Inc,Heaven and Earth Cleaning Inc
APA,Apa Inc
APA INC,Apa Inc
G & G FITNESS EQUIPMENT INC,G & G Fitness Equipment Inc
G&G Fitness Equipment Inc,G & G Fitness Equipment Inc
INSIGHT PUBLIC SECTOR INC,"Insight Public Sector, Inc."
"Insight Public Sector, Inc.","Insight Public Sector, Inc."
WALNUT HILLS AREA COUNCIL,Walnut Hills Area Council
Walnut Hills Area Council,Walnut Hills Area Council
HYDE PARK CIRCLE LLC,Hyde Park Circle LLC
Hyde Park Circle LLC,Hyde Park Circle LLC
FISCHER PROCESS INDUSTRIES,Fischer Process Industries
Fischer Process Industries,Fischer Process Industries
BERLIN PACKAGING,Berlin Packaging
Berlin Packaging,Berlin Packaging
Towne Motors Inc,Towne Motors Inc
towne motors inc,Towne Motors Inc
Donovan Energy LLC,"Donovan Energy, LLC"
"Donovan Energy, LLC","Donovan Energy, LLC"
THOMAS J DYER COMPANY,Thomas J Dyer Company
The Thomas J. Dyer Company,Thomas J Dyer Company
Acme Lock Company LLC,Acme Lock Inc.
Acme Lock Inc.,Acme Lock Inc.
Captain  David  Sprague,Captain David Sprague
Captain David Sprague,Captain David Sprague
DAN BEARD COUNCIL INC,Dan Beard Council Inc
Dan Beard Council,Dan Beard Council Inc
"Aladtec, Inc","Aladtec, LLC"
"Aladtec, LLC","Aladtec, LLC"
MILLS FENCE CO INC,Mills fence Company Inc
Mills Fence Co.,Mills fence Company Inc
Mills fence Company Inc,Mills fence Company Inc
BARRON M NIEHAUS,Barron M Niehaus
Barron M. Niehaus,Barron M Niehaus
Supreme Court of Ohio,Supreme Court of Ohio
The Supreme Court of Ohio,Supreme Court of Ohio
SEELAUS INSTRUMENT CO INC,Seelaus Instrument Company LLC
Seelaus Instrument Company LLC,Seelaus Instrument Company LLC
AD PRO SIGNS,Ad-Pro Signs LLC
AD-PRO SIGNS LLC,Ad-Pro Signs LLC
Siteimprove,Siteimprove
"Siteimprove, Inc.",Siteimprove
SNAP ON INCORPORATED,Snap-On Incorporated
SNAP-ON INCORPORATED,Snap-On Incorporated
Postal Family Credit Union,Postal Family Credit Union Inc.
Postal Family Credit Union Inc.,Postal Family Credit Union Inc.
"HAMILTON COUNTY, CLERK OF COURTS",Hamilton County Clerk of Courts
Hamilton County Clerk of Courts,Hamilton County Clerk of Courts
"ARRASMITH PROMOTIONS, LLC",Arrasmith Promotions LLC
Arrasmith Promotions LLC,Arrasmith Promotions LLC
MITY-LITE,Mity-Lite Inc
MITY-LITE INC,Mity-Lite Inc
SPRING GROVE VILLAGE COMMUNITY COUNCIL,Spring Grove Village Community Council
Spring Grove Village Community Council,Spring Grove Village Community Council
Ganz USA,"Ganz USA, LLC"
Ganz USA LLC,"Ganz USA, LLC"
"Ganz USA, LLC","Ganz USA, LLC"
BACK MUNICIPAL CONSULTING,"Back Municipal Consulting, LLC"
"Back Municipal Consulting, LLC","Back Municipal Consulting, LLC"
ARMOR METAL GROUP,Armor Metal Group
Armor Metal Group,Armor Metal Group
"Gold Standard Diagnostics Horsham, Inc.","Gold Standard Diagnostics Horsham, LLC."
"Gold Standard Diagnostics Horsham, LLC.","Gold Standard Diagnostics Horsham, LLC."
KENNEDY HEIGHTS COMMUNITY COUNCIL,Kennedy Heights Community Council
Kennedy Heights Community Council,Kennedy Heights Community Council
WATER & WASTEWATER LEADERSHIP CENTER,Water & Wastewater Leadership Center
Water & Wastewater Leadership Center,Water & Wastewater Leadership Center
FIRST STAR SAFETY LLC,First Star Safety LLC
First Star Safety LLC,First Star Safety LLC
First Star Safety llc.,First Star Safety LLC
BOWLING GREEN STATE UNIVERSITY,Bowling Green State University
Bowling Green State University,Bowling Green State University
ACTION TARGET INC,"Action Target, Inc."
"Action Target, Inc.","Action Target, Inc."
TRI STATE FOLIAGE INC,"Tri State Foliage, Inc."
"Tri State Foliage, Inc.","Tri State Foliage, Inc."
GEORGE BURNETT,George Burnett
George Burnett,George Burnett
NATIONAL ASSOCIATION OF COMMUNITY HEALTH CENTERS,National Association of Community Health Centers Inc.
National Association of Community Health Centers Inc.,National Association of Community Health Centers Inc.
HATHAWAY STAMP & IDENTIFICATION,Hathaway Stamp & Identification Company
Hathaway Stamp & Identification,Hathaway Stamp & Identification Company
Hathaway Stamp & Identification Company,Hathaway Stamp & Identification Company
LAW ENFORCEMENT FOUNDATION INC,Law Enforcement Foundation Inc
Law Enforcement Foundation,Law Enforcement Foundation Inc
"Law Enforcement Foundation, Inc",Law Enforcement Foundation Inc
"Law Enforcement Foundation, Inc.",Law Enforcement Foundation Inc
OKLAHOMA STATE UNIVERSITY,Oklahoma State University
Oklahoma State University,Oklahoma State University
Dan Schawe,Dan Schawe
dan schawe,Dan Schawe
"CovertTrack Group, Inc.",Coverttrack Group INC
Coverttrack Group INC,Coverttrack Group INC
HYATT REGENCY,Hyatt Regency
Hyatt Regency,Hyatt Regency
TransUnion Risk & Alternative Data Solutions,"TransUnion Risk and Alternative Data Solutions, Inc."
"TransUnion Risk & Alternative Data Solutions, Inc.","TransUnion Risk and Alternative Data Solutions, Inc."
TransUnion Risk and Alternative Data Solutions Inc.,"TransUnion Risk and Alternative Data Solutions, Inc."
"TransUnion Risk and Alternative Data Solutions, Inc.","TransUnion Risk and Alternative Data Solutions, Inc."
TransUnion risk  and Alternative  Data Solutions,"TransUnion Risk and Alternative Data Solutions, Inc."
DOWNTOWN PROPERTY MANAGEMENT INC,Downtown Property Management Inc
Downtown Property Management Inc,Downtown Property Management Inc
REHAB IN PROCESS,Rehab in Process LLC
REHAB IN PROCESS LLC,Rehab in Process LLC
ENVIRONMENTAL TRAINING CENTER,The Environmental Training Center
Environmental Training Center,The Environmental Training Center
THE ENVIRONMENTAL TRAINING CENTER,The Environmental Training Center
John E Reid and Associates,John E. Reid and Associates
John E. Reid And Associates,John E. Reid and Associates
John E. Reid and Associates,John E. Reid and Associates
John E. Reid and Associates Inc,John E. Reid and Associates
John E. Reid and Associates Inc.,John E. Reid and Associates
"John E. Reid and Associates, Inc",John E. Reid and Associates
IHS GLOBAL,IHS Global Inc.
IHS Global Inc.,IHS Global Inc.
CRASH DATA GROUP INC,Crash Data Group Inc
Crash Data Group,Crash Data Group Inc
ECIVIS,Ecivis
eCIVIS Inc.,Ecivis
TIMOTHY BIRCH,Timothy Birch
Timothy Birch,Timothy Birch
ADVIZEX TECHNOLOGIES LLC,Advizex Technologies LLC
Advizex Technologies,Advizex Technologies LLC
CUMMINS-ALLISON CORP,Cummins-Allison Corp
Cummins Allison,Cummins-Allison Corp
JUGGLER DAVE & FRIENDS LLC,Juggler Dave & Friends LLC
Juggler Dave & Friends LLC,Juggler Dave & Friends LLC
COMMONWEALTH LAND TITLE INSURANCE COMPANY,Commonwealth Land Title Insurance Company
Commonwealth Land Title Insurance Company,Commonwealth Land Title Insurance Company
WOLTERS KLUWER HEALTH,Wolters Kluwer Health
Wolters Kluwer Health,Wolters Kluwer Health
CITY OF NORWOOD,City of Norwood
City of Norwood,City of Norwood
MSAB Inc.,MSAB Incorporated
MSAB Incorporated,MSAB Incorporated
PUBLIC HEALTH ACCREDITATION BOARD,Public Health Accreditation Board
Public Health Accreditation Board,Public Health Accreditation Board
STEPHEN R HEXT,Stephen R Hext
Stephen R Hext,Stephen R Hext
Stephen R. Hext,Stephen R Hext
MARK HAND,Mark Hand
Mark Hand,Mark Hand
"KENWOOD HILLS CABANA CLUB, INC","Kenwood Hills Cabana Club, Inc"
"Kenwood Hills Cabana Club, Inc.","Kenwood Hills Cabana Club, Inc"
PROFESSIONAL SPORTS PUBLICATIONS,"Professional Sports Publications, Inc."
"Professional Sports Publications, Inc.","Professional Sports Publications, Inc."
CUSTOM GLASS & GLAZING LLC,"Custom Glass & Glazing, LLC"
"CUSTOM GLASS & GLAZING, LLC","Custom Glass & Glazing, LLC"
Resolution Video,Resolution Video Inc
Resolution Video Inc,Resolution Video Inc
Resolution Video Inc.,Resolution Video Inc
MOTZ TURF FARMS LTD,Motz Turf Farms Ltd
Motz Turf Farms Ltd.,Motz Turf Farms Ltd
"American National Skyline, Inc","American National Skyline, LLC"
"American National Skyline, LLC","American National Skyline, LLC"
ArtWorks,Artworks
Artworks,Artworks
Force Science Institute,Force Science Institute
"Force Science Institute, Ltd.",Force Science Institute
AARON WILLIAMS,Aaron Williams
Aaron Williams,Aaron Williams
OHIO PUBLIC HEALTH ASSOCIATION,Ohio Public Health Association
Ohio Public Health Association,Ohio Public Health Association
MIDWEST CLINICIANS NETWORK INC.,Midwest Clinicians' Network Inc
MIDWEST CLINICIANS' NETWORK INC,Midwest Clinicians' Network Inc
MidWest Clinicians' Network Inc,Midwest Clinicians' Network Inc
"Midwest Clinicians' Network, Inc.",Midwest Clinicians' Network Inc
CRYSTAL CLEAR SCIENCE,Crystal Clear Science
Crystal Clear Science,Crystal Clear Science
THERAPEUTIC RESEARCH CENTER,"Therapeutic Research Center, LLC"
"THERAPEUTIC RESEARCH CENTER, LLC","Therapeutic Research Center, LLC"
"Therapeutic Research Center, LLC","Therapeutic Research Center, LLC"
NORWOOD HARDWARE & SUPPLY CO,Norwood Hardware and Supply Company
Norwood Hardware and Supply Company,Norwood Hardware and Supply Company
Richter Realty Company LLC,"Richter Realty, LLC"
"Richter Realty Company, LLC","Richter Realty, LLC"
"Richter Realty, LLC","Richter Realty, LLC"
NAFA FLEET MANAGEMENT ASSOCIATION,Nafa Fleet Management Association
NAFA Fleet Management Association,Nafa Fleet Management Association
OHIO ASSOCIATION OF CHIEFS OF POLICE,"Ohio Association of Chiefs of Police, Inc"
Ohio Association of Chiefs of Police,"Ohio Association of Chiefs of Police, Inc"
"Ohio Association of Chiefs of Police, Inc","Ohio Association of Chiefs of Police, Inc"
The Ohio Association of Chiefs of Police,"Ohio Association of Chiefs of Police, Inc"
SCHOOL BASED HEALTH ALLIANCE,School Based Health Alliance
School-Based Health Alliance,School Based Health Alliance
WOOD & MCDANIEL LLC,Wood & Mcdaniel LLC
Wood & McDaniel LLC,Wood & Mcdaniel LLC
"Wood & McDaniel, LLC",Wood & Mcdaniel LLC
Litigation Support Services,Litigation Support Services
"Litigation Support Services, Inc.",Litigation Support Services
CLASSIC OPTICAL LABORATORIES INC,"Classic Optical Laboratories, Inc."
"Classic Optical Laboratories, Inc.","Classic Optical Laboratories, Inc."
OHIO EPA,Ohio EPA
Ohio EPA,Ohio EPA
Axis Communications Inc.,"Axis Communications, Inc"
"Axis Communications, Inc","Axis Communications, Inc"
LAFORCE INC,Laforce Inc.
LAFORCE INC.,Laforce Inc.
KAUFHOLD BROTHERS LLC,Kaufhold Brothers LLC
"KAUFHOLD BROTHERS, LLC",Kaufhold Brothers LLC
CAMP SAFETY EQUIPMENT INC,Camp Safety Equipment Inc.
Camp Safety Equipment Inc.,Camp Safety Equipment Inc.
AFLAC,AFLAC
Aflac,AFLAC
2ND STREET ASSOCIATES,2Nd Street Associates
2nd STREET ASSOCIATES,2Nd Street Associates
2nd Street Associates,2Nd Street Associates
GIFTCRAFT INC,Giftcraft Inc
Giftcraft Inc.,Giftcraft Inc
Daniel E Betts,Daniel E. Betts
Daniel E. Betts,Daniel E. Betts
CAREERBUILDER,Careerbuilder LLC
CAREERBUILDER LLC,Careerbuilder LLC
JERRY CORBETT,Jerry Corbett
Jerry Corbett,Jerry Corbett
National Technical Association - Cincinnati Chapter,National Technical Association-Cincinnati Chapter
National Technical Association-Cincinnati Chapter,National Technical Association-Cincinnati Chapter
National Technical Investigators Association,National Technical Investigators' Association
National Technical Investigators' Association,National Technical Investigators' Association
The National Technical Investigators' Association,National Technical Investigators' Association
FLAMINGO AIR INC,Flamingo Air Inc
Flamingo Air Inc,Flamingo Air Inc
Flamingo Air Inc.,Flamingo Air Inc
National  Tactical Officers Association,National Tactical Officers Association
National Tactical Officers Association,National Tactical Officers Association
T -Mobile,T-Mobile
T Mobile,T-Mobile
T-Mobile,T-Mobile
KEEN INVESTMENT INC,Keen Investment Inc
Keen Investment Inc,Keen Investment Inc
Genesee & Wyoming Railroad Services INc,"Genesee & Wyoming Railroad Services, Inc"
"Genesee & Wyoming Railroad Services, Inc","Genesee & Wyoming Railroad Services, Inc"
AOHC,Aohc Inc.
AOHC INC.,Aohc Inc.
"FirstTwo, Inc.","FirstTwo, Inc."
"FirstTwo,INC.","FirstTwo, Inc."
CHARTER COMMUNICATIONS,Charter Communications
Charter Communications,Charter Communications
Outdoor Adventure Clubs of Greater Cincinnati Inc.,"Outdoor Adventure Clubs of Greater Cincinnati, Inc."
"Outdoor Adventure Clubs of Greater Cincinnati, Inc.","Outdoor Adventure Clubs of Greater Cincinnati, Inc."
Ohio Tactical Officers Association,Ohio Tactical Officers Association
Ohio Tactical Officers Association Inc,Ohio Tactical Officers Association
AMS DEPO,AMS Depo
AMS Depo,AMS Depo
City of Cincinnati - Risk Management,City of Cincinnati-Risk Management
City of Cincinnati Risk Management,City of Cincinnati-Risk Management
City of Cincinnati-Risk Management,City of Cincinnati-Risk Management
The Jubilee Project,The Jubilee Project
The Jubilee Project Ltd,The Jubilee Project
INTERNATIONAL ASSOCIATION OF CHIEFS OF POLICE,International Association of Chiefs of Police
International Association of Chiefs of Police,International Association of Chiefs of Police
SRG INC,SRG Inc
SRG Inc,SRG Inc
DAVID M GRAY,David M. Gray
David M. Gray,David M. Gray
Raymer Reporting Inc.,"Raymer Reporting, Inc."
"Raymer Reporting, Inc","Raymer Reporting, Inc."
"Raymer Reporting, Inc.","Raymer Reporting, Inc."
FABULOUS FRAMES & ART,Fabulous Frames & Art
Fabulous Frames & Art,Fabulous Frames & Art
OHIO CDC ASSOCIATION,Ohio CDC Association
Ohio CDC Association,Ohio CDC Association
"Ohio CDC Association, Inc",Ohio CDC Association
"Ohio CDC Association, Inc.",Ohio CDC Association
NORTHWESTERN UNIVERSITY,Northwestern University
Northwestern University,Northwestern University
DAVIS CATERING INC,Davis Catering Inc
Davis Catering,Davis Catering Inc
"Davis Catering, Inc",Davis Catering Inc
CONSTANT CONTACT INC,Constant Contact Inc
Constant Contact,Constant Contact Inc
Pat McCarthy Production Inc.,"Pat McCarthy Production, Inc"
"Pat McCarthy Production, Inc","Pat McCarthy Production, Inc"
Veritext,Veritext
"Veritext, LLC",Veritext
Cincinnati Pride,"Cincinnati Pride, Inc."
"Cincinnati Pride, Inc.","Cincinnati Pride, Inc."
Magnet Forensics USA Inc.,"Magnet Forensics USA, Inc."
"Magnet Forensics USA, Inc.","Magnet Forensics USA, Inc."
Main Event Management Corp,Main Event Management Corp.
Main Event Management Corp.,Main Event Management Corp.
O.A.E.V.T.,O.A.E.V.T.
"O.A.E.V.T., Inc.",O.A.E.V.T.
EXCEL TOURS & TRAVELS LLC,Excel Tours and Travels
EXCEL TOURS AND TRAVELS,Excel Tours and Travels
Green City EcoStruction,Green City Ecostruction
Green City Ecostruction,Green City Ecostruction
SPRINT,Sprint
Sprint,Sprint
Pearson Education Inc,"Pearson Education, INC."
"Pearson Education, INC.","Pearson Education, INC."
TAMMY JONES,Tammy Jones
Tammy  Jones,Tammy Jones
Tammy Jones,Tammy Jones
Sister Cities International,Sister Cities International
Sister Cities International Inc.,Sister Cities International
J MEDICAL INC,"J Medical, Inc"
"J Medical, Inc","J Medical, Inc"
"SUPPLY SERVICES, INC",Supply Services Inc
Supply Services Inc,Supply Services Inc
Priscilla Gorman Oehlschlaeger,priscilla gorman oehlschlaeger
priscilla gorman oehlschlaeger,priscilla gorman oehlschlaeger
LtC David Bailey,LtC David Bailey
LtC. David Bailey,LtC David Bailey
Trustpoint Court Reporting LLC,Trustpoint Court Reporting LLC
"Trustpoint Court Reporting, LLC",Trustpoint Court Reporting LLC
HAINES & CO INC,Haines & Co Inc
HAINES & COMPANY,Haines & Co Inc
"HAINES & COMPANY, INC.",Haines & Co Inc
KGL MEDIA GROUP,Kgl Media Group
KGL Media Group Inc.,Kgl Media Group
Safariland LLC,Safariland LLC
"Safariland, LLC",Safariland LLC
Michel Design Works,Michel Design Works Ltd
Michel Design Works Ltd,Michel Design Works Ltd
AMITY Bishop,Amity Bishop
Amity Bishop,Amity Bishop
Priority Dispatch,Priority Dispatch
Priority Dispatch Corp,Priority Dispatch
Two's Company,Two's Company Inc
Two's Company Inc,Two's Company Inc
DANIEL BETTS,Daniel Betts
Daniel Betts,Daniel Betts
DENISHA PORTER,Denisha Porter
Denisha Porter,Denisha Porter
"Barlow Reporting & Video Services, LLC","Barlow Reporting & Video Services, LLC"
"Barlow Reporting & Video Services, LLC.","Barlow Reporting & Video Services, LLC"
THE AMERICAN INSTITUTE OF ARCHITECTS,The American Institute of Architects
The American Institute of Architects,The American Institute of Architects
MIKE SULLIVAN PRODUCTIONS LLC,Mike Sullivan Productions LLC
Mike Sullivan Productions LLC,Mike Sullivan Productions LLC
NATIONAL SAFETY COUNCIL,National Safety Council
National Safety Council,National Safety Council
KALAHARI RESORT SANDUSKY,Kalahari Resort Sandusky
Kalahari Resort Sandusky,Kalahari Resort Sandusky
"Disability & Occupational Consultants, LLC","Disability & Occupational Consultants, LLC"
"Disability & Occupational Consultants,LLC","Disability & Occupational Consultants, LLC"
REMINGTON ARMS CO INC,Remington Arms Co. LLC
Remington Arms Co. LLC,Remington Arms Co. LLC
Esquire Deposition Solutions,Esquire Deposition Solutions
"Esquire Deposition Solutions, LLC",Esquire Deposition Solutions
SCU SERVICES,"SCU Services, LLC"
"SCU Services, LLC","SCU Services, LLC"
SHRED-IT CORP,Shred-it
Shred-it,Shred-it
URBAN LAND INSTITUTE,Urban Land Institute
Urban Land Institute,Urban Land Institute
DOUBLETREE BY HILTON HOTEL PORTLAND,DoubleTree by Hilton Hotel Portland
DoubleTree by Hilton Hotel Portland,DoubleTree by Hilton Hotel Portland
DENTSPLY SIRONA INC,Dentsply Sirona
Dentsply Sirona,Dentsply Sirona
CINCINNATI PARTITIONS,Cincinnati Partitions
Cincinnati Partitions,Cincinnati Partitions
ALLIANCE FOR CHEMICAL SAFETY,Alliance for Chemical Safety
Alliance for Chemical Safety,Alliance for Chemical Safety
OHIO RECEIVERS GROUP,Ohio Receivers Group Inc
Ohio Receivers Group Inc,Ohio Receivers Group Inc
THOMSON REUTERS - WEST,Thomson Reuters - West
Thomson Reuters - West,Thomson Reuters - West
Whooster,"Whooster, Inc."
Whooster Inc,"Whooster, Inc."
"Whooster, Inc","Whooster, Inc."
"Whooster, Inc.","Whooster, Inc."
WATER CUSTOMER CARE FORUM,Water Customer Care Forum
Water Customer Care Forum,Water Customer Care Forum
"David W. Stanton, Esq","David W. Stanton, Esq."
"David W. Stanton, Esq.","David W. Stanton, Esq."
PREVENTION FIRST,Prevention First
Prevention First!,Prevention First
CITY OF FOREST PARK,City of Forest Park
City of Forest Park,City of Forest Park
AMERICAN PUBLIC HEALTH ASSOCIATION,American Public Health Association
American Public Health Association,American Public Health Association
AMERICAN POLYGRAPH ASSOCIATION,American Polygraph Association
American Polygraph Association,American Polygraph Association
PUBLIC SAFETY SERVICES OF THE OAKS,Public Safety Services of the Oaks
Public Safety Services of the Oaks,Public Safety Services of the Oaks
Storm Dog K9 Training,Storm Dog K9 Training LLC
Storm Dog K9 Training LLC,Storm Dog K9 Training LLC
ANNE S ANDERSON,Anne S Anderson
Anne S. Anderson,Anne S Anderson
ARTWEAR,Artwear
Artwear,Artwear
LogIn / IACP Net,Login/IACP Net
Login/IACP Net,Login/IACP Net
Desert Snow,Desert Snow
Desert Snow LLC,Desert Snow
U.S. POSTAL SERVICE,US Postal Service
US Postal Service,US Postal Service
NATIONAL PARKING ASSOCIATION,National Parking Association
National Parking Association,National Parking Association
"Sharlene D Hall, RMR","Sharlene D. Hall, RMR"
"Sharlene D. Hall, RMR","Sharlene D. Hall, RMR"
Scott A Johnson,Scott A Johnson
Scott A. Johnson,Scott A Johnson
EQUIFAX WORKFORCE SOLUTIONS,Equifax Workforce Solutions LLC
Equifax Workforce Solutions LLC,Equifax Workforce Solutions LLC
CHARLOTTE WALTON,Charlotte Walton
Charlotte Walton,Charlotte Walton
Enquirer,The Enquirer
THE ENQUIRER,The Enquirer
THE ENQUIRER #1019,The Enquirer
The Enquirer,The Enquirer
The Enquirer # 1019,The Enquirer
The Enquirer #1019,The Enquirer
Inside the Tape LLC,Inside the Tape LLC
"Inside the Tape, LLC",Inside the Tape LLC
INSPECTION BUREAU INC,Inspection Bureau Inc
"The Inspection Bureau, Inc.",Inspection Bureau Inc
H.C.P.A,H.C.P.A
H.C.P.A.,H.C.P.A
HCPA,H.C.P.A
Skidcar System Inc,Skidcar System Inc
"Skidcar System, Inc",Skidcar System Inc
IN THE LINE OF DUTY,In the Line of Duty
In The Line of Duty,In the Line of Duty
CROWNE PLAZA COLUMBUS,Crowne Plaza Columbus
Crowne Plaza Columbus,Crowne Plaza Columbus
Center for Problem Oriented Policing,Center for Problem Oriented Policing
Center for Problem-Oriented Policing,Center for Problem Oriented Policing
A Child Is Missing,"A Child Is Missing, Inc"
A Child Is Missing Inc,"A Child Is Missing, Inc"
"A Child Is Missing, Inc","A Child Is Missing, Inc"
HEIRS OF JULIA W ANDERSON,Heirs of Julia W. Anderson
HEIRS OF JULIA W. ANDERSON,Heirs of Julia W. Anderson
Heirs of Julia W. Anderson,Heirs of Julia W. Anderson
HAMILTON COUNTY TREASURER,Hamilton County Treasurer
Hamilton County Treasurer,Hamilton County Treasurer
CLIA LABORATORY PROGRAM,Clia Laboratory Program
CLIA Laboratory Program,Clia Laboratory Program
Clia Laboratory Program,Clia Laboratory Program
"RECONYX, INC","Reconyx, Inc"
Reconyx Inc.,"Reconyx, Inc"
OHIO DEPARTMENT OF AGRICULTURE,Ohio Department of Agriculture
Ohio Department of Agriculture,Ohio Department of Agriculture
CINCINNATI STATE COLLEGE,Cincinnati State College
Cincinnati State College,Cincinnati State College
ISHAQ NADIR,Ishaq Nadir
Ishaq Nadir,Ishaq Nadir
GRANT WRITING USA,Grant Writing USA
Grant Writing USA,Grant Writing USA
National Association of School  Resource Officers Inc,"National Association of School Resource Officers, Inc"
National Association of School Resource Officers,"National Association of School Resource Officers, Inc"
"National Association of School Resource Officers, Inc","National Association of School Resource Officers, Inc"
HYATT REGENCY MCCORMICK PLACE,HYATT REGENCY McCORMICK PLACE
HYATT REGENCY McCORMICK PLACE,HYATT REGENCY McCORMICK PLACE
APHC  BACKFLOW SCHOOL,Aphc Backflow School
APHC BACKFLOW SCHOOL,Aphc Backflow School
James B Murphy,James B Murphy
James B. Murphy,James B Murphy
Diplomat Beach Resort,The Diplomat Beach Resort
The Diplomat Beach Resort,The Diplomat Beach Resort
OHIO IDENTIFICATION OFFICERS ASSOCIATION,Ohio Identification Officers Association
Ohio Identification Officers Association,Ohio Identification Officers Association
CINCINNATI BAR ASSOCIATION,The Cincinnati Bar Association
Cincinnati Bar Association,The Cincinnati Bar Association
The Cincinnati Bar Association,The Cincinnati Bar Association
HARLEY-DAVIDSON MOTOR COMPANY,Harley-Davidson Motor Company
Harley Davidson Motor Company,Harley-Davidson Motor Company
Harley-Davidson Motor Company,Harley-Davidson Motor Company
Fitch Reporting Inc,"Fitch Reporting, Inc."
"Fitch Reporting, Inc.","Fitch Reporting, Inc."
ASSOCIATION OF CERTIFIED FRAUD EXAMINERS,Association of Certified Fraud Examiners
Association of Certified Fraud Examiners,Association of Certified Fraud Examiners
IAFC  Membership,IAFC Membership
IAFC Membership,IAFC Membership
U.S Corrections LLC,U.S. Corrections LLC
"U.S Corrections, LLC",U.S. Corrections LLC
U.S. Corrections LLC,U.S. Corrections LLC
TODD PORTUNE,Todd Portune
Todd Portune,Todd Portune
ASSOCIATION OF LOCAL GOVERNMENT AUDITORS,Association of Local Government Auditors
Association of Local Government Auditors,Association of Local Government Auditors
ANDREA LEVENSON YOUNG,Andrea Levenson Young
Andrea Levenson Young,Andrea Levenson Young
TRISTATE BIOMEDICAL SOLUTIONS,Tristate Biomedical Solutions
Tristate Biomedical Solutions,Tristate Biomedical Solutions
MISC,MISC
Misc,MISC
DEVOU GOOD FOUNDATION,Devou Good Foundation
Devou Good Foundation,Devou Good Foundation
RoSho Awards & Graphics,RoSho Awards & Graphics
Rosho Awards and Graphics,RoSho Awards & Graphics
Brother Smith,Brother Smith
Brother Smith LLC,Brother Smith
PreventionFirst,PreventionFirst!
PreventionFirst!,PreventionFirst!
PROFESSIONAL LAND SURVEYORS OF OHIO,"Professional Land Surveyors of Ohio, Inc."
"PROFESSIONAL LAND SURVEYORS OF OHIO, INC.","Professional Land Surveyors of Ohio, Inc."
"Professional Land Surveyors of Ohio, Inc","Professional Land Surveyors of Ohio, Inc."
"Professional Land Surveyors of Ohio, Inc.","Professional Land Surveyors of Ohio, Inc."
MICHAEL L PITTINGER,Michael L. Pittinger
MICHAEL L. PITTINGER,Michael L. Pittinger
Michael L Pittinger,Michael L. Pittinger
BARBARA LAMBERS,Barbara Lambers
Barbara Lambers,Barbara Lambers
HOLIDAY INN EXPRESS & SUITES,Holiday Inn Express & Suites
Holiday Inn Express & Suites,Holiday Inn Express & Suites
RICK NORTON,Rick Norton
Rick Norton,Rick Norton
BLAIR CONSULTING GROUP,Blair Consulting Group
BLAIR CONSULTING GROUP INC,Blair Consulting Group
"BLAIR CONSULTING GROUP, INC.",Blair Consulting Group
O.T.A.R.A.,O.T.A.R.A.
OTARA,O.T.A.R.A.
MARTY CONNOR,Marty Connor
Marty Connor,Marty Connor
PROGRESSIVE  BUSINESS PUBLICATIONS,Progressive Business Publications
PROGRESSIVE BUSINESS PUBLICATIONS,Progressive Business Publications
Progressive Business Publications,Progressive Business Publications
International Association of Arson Investigators,International Association of Arson Investigators
"International Association of Arson Investigators, Inc.",International Association of Arson Investigators
American City Business Journals,American City Business Journals
American City Business Journals Inc.,American City Business Journals
WASHINGTON MARRIOTT WARDMAN PARK,Washington Marriott Wardman Park
Washington Marriott Wardman Park,Washington Marriott Wardman Park
HCPA TREASURER,HCPA Treasurer
HCPA Treasurer,HCPA Treasurer
MAGLOCLEN,Magloclen
"MAGLOCLEN, Inc",Magloclen
"MAGLOCLEN, Inc.",Magloclen
Magloclen Inc,Magloclen
LEVA International,LEVA International
"LEVA International, Inc.",LEVA International
AMAZING PORTABLE CIRCUS,Amazing Portable Circus
Amazing Portable Circus,Amazing Portable Circus
INTERNATIONAL ASSOCIATION OF CRIME ANALYSTS,International Association of Crime Analysts
International Association of Crime Analysts,International Association of Crime Analysts
The International Association of Crime Analysts,International Association of Crime Analysts
HYATT REGENCY NEW ORLEANS,Hyatt Regency New Orleans
Hyatt Regency New Orleans,Hyatt Regency New Orleans
FBI NATIONAL ACADEMY ASSOCIATES INC,FBI National Academy Associates
FBI National Academy Associates,FBI National Academy Associates
"FBI National Academy Associates, Inc",FBI National Academy Associates
BUDDY ESTELL,Buddy Estell
Buddy Estell,Buddy Estell
ONCOURSE LEARNING HEALTHCARE,OnCourse Learning Healthcare
OnCourse Learning Healthcare,OnCourse Learning Healthcare
SHERATON GRAND CHICAGO,Sheraton Grand Chicago
Sheraton Grand Chicago,Sheraton Grand Chicago
"Law Enforcement Training Associates, Inc","Law Enforcement Training Associates, Inc"
"Law Enforcement Training Associates, Inc.","Law Enforcement Training Associates, Inc"
Willie F. Carden Jr.,"Willie F. Carden, Jr."
"Willie F. Carden, Jr.","Willie F. Carden, Jr."
HYATT REGENCY COLUMBUS,Hyatt Regency Columbus
Hyatt Regency Columbus,Hyatt Regency Columbus
SKILLPATH SEMINARS,Skillpath Seminars
SkillPath Seminars,Skillpath Seminars
Skillpath Seminars,Skillpath Seminars
MOTOROLA SOLUTIONS INC,Motorola Solutions
Motorola Solutions,Motorola Solutions
HAMILTON COUNTY ASSOCIATION OF CHIEFS OF POLICE,Hamilton County Association of Chiefs of Police
Hamilton County Association of Chiefs of Police,Hamilton County Association of Chiefs of Police
HILTON NEW ORLEANS RIVERSIDE,Hilton New Orleans Riverside
Hilton New Orleans Riverside,Hilton New Orleans Riverside
The Woodburn Brewery,Woodburn Brewery
Woodburn Brewery,Woodburn Brewery
BIOMETRIC INFORMATION MANAGEMENT,Biometric Information Management LLC
Biometric Information Management LLC,Biometric Information Management LLC
CINCINNATI REVOLVER CLUB,Cincinnati Revolver Club
THE CINCINNATI REVOLVER CLUB,Cincinnati Revolver Club
NATIONAL FORUM FOR BLACK PUBLIC ADMINISTRATORS,National Forum for Black Public Administrators
National Forum for Black Public Administrators,National Forum for Black Public Administrators
VERITIV,veritiv
veritiv,veritiv
OHIO DIVISION OF LIQUOR CONTROL,Ohio Division of Liquor Control
Ohio Division of Liquor Control,Ohio Division of Liquor Control
GREATER CINCINNATI CHINESE CHAMBER OF COMMERCE,Greater Cincinnati Chinese Chamber of Commerce
Greater Cincinnati Chinese Chamber of Commerce,Greater Cincinnati Chinese Chamber of Commerce
Hamilton County  Fire Chief's Association,Hamilton County Fire Chief's Association
Hamilton County Fire Chief's Association,Hamilton County Fire Chief's Association
Cincinnati Contemporary Jazz Orchestra,The Cincinnati Contemporary Jazz Orchestra
The Cincinnati Contemporary Jazz Orchestra,The Cincinnati Contemporary Jazz Orchestra
COLLEGE PUBLICATIONS INC,College Publications Inc
College Publications Inc.,College Publications Inc
National Institute Of Crime Prevention,National Institute of Crime Prevention
National Institute of Crime Prevention,National Institute of Crime Prevention
NAFA Fleet Management Assoc,NAFA Fleet Management Assoc.
NAFA Fleet Management Assoc.,NAFA Fleet Management Assoc.
Cincinnati Herald,The Cincinnati Herald
THE CINCINNATI HERALD,The Cincinnati Herald
The Cincinnati Herald,The Cincinnati Herald
CINCINNATI BUSINESS COURIER,Cincinnati Business Courier
Cincinnati Business Courier,Cincinnati Business Courier
DOUBLETREE SUITES,DoubleTree Suites
DoubleTree Suites,DoubleTree Suites
"Hal Manufacturing Co., Inc","Hal Manufacturing Co., Inc"
hal manufacturing co. inc.,"Hal Manufacturing Co., Inc"
NATIONAL ENVIRONMENTAL HEALTH ASSOCIATION,National Environmental Health Association
National Environmental Health Association,National Environmental Health Association
William  Morehead,William Morehead
William Morehead,William Morehead
PerriAnn Allen,Perriann Allen
Perriann Allen,Perriann Allen
OHIO PARKING ASSOCIATION,Ohio Parking Association
Ohio Parking Association,Ohio Parking Association
RENEE DE CHAMBRUN,Renee De Chambrun
Renee De Chambrun,Renee De Chambrun
EKKLESIA CREATIONS LLC,Ekklesia Creations LLC
Ekklesia Creations,Ekklesia Creations LLC
THE MEDICAL LETTER INC,The Medical Letter Inc
The Medical Letter,The Medical Letter Inc
OHIO GFOA,Ohio GFOA
Ohio GFOA,Ohio GFOA
Swank Motion Pictures,"Swank Motion Pictures, Inc"
"Swank Motion Pictures, Inc","Swank Motion Pictures, Inc"
OHIO FIRE & EMERGENCY SERVICES FOUNDATION,Ohio Fire & Emergency Services Foundation
Ohio Fire & Emergency Services Foundation,Ohio Fire & Emergency Services Foundation
BIJU GEORGE,Biju George
Biju George,Biju George
BIGGER ROAD VETERINARY CLINIC,Bigger Road Veterinary Clinic
Bigger Road Veterinary Clinic,Bigger Road Veterinary Clinic
Cincinnati Enquirer,Cincinnati Enquirer
The Cincinnati Enquirer,Cincinnati Enquirer
HILTON GARDEN INN COLUMBUS,Hilton Garden Inn Columbus
Hilton Garden Inn Columbus,Hilton Garden Inn Columbus
Cold Case Solutions & Resources,Cold Case Solutions & Resources Corp
Cold Case Solutions & Resources Corp,Cold Case Solutions & Resources Corp
TODD RADEL,Todd Radel
Todd Radel,Todd Radel
GREAT OAKS AWD - CENTRAL REGISTRATION,Great Oaks Awd - Central Registration
GREAT OAKS AWD-CENTRAL REGISTRATION,Great Oaks Awd - Central Registration
BUCKNER A. WALLINGFORD II,"Buckner A. Wallingford, II"
"Buckner A. Wallingford, II","Buckner A. Wallingford, II"
"Buckner A. Wallingford,II","Buckner A. Wallingford, II"
Ohio Fire Chiefs Association,Ohio Fire Chiefs' Association
Ohio Fire Chiefs association,Ohio Fire Chiefs' Association
Ohio Fire Chiefs' Association,Ohio Fire Chiefs' Association
WILLIAMSBURG'S HARMONY HILL ASSOCIATION,Williamsburg's Harmony Hill Association
Williamsburg's Harmony Hill Association,Williamsburg's Harmony Hill Association
Hampton Inn & Suites,Hampton Inn and Suites
Hampton Inn and Suites,Hampton Inn and Suites
FLYHIGH USA,Flyhigh USA
FlyHigh USA,Flyhigh USA
DoubleTree By Hilton,DoubleTree By Hilton
DoubleTree by Hilton,DoubleTree By Hilton
JOSH JUMP,Josh Jump
Josh Jump,Josh Jump
TransUnion Risk & Alternative,TransUnion Risk and Alternative
TransUnion Risk and Alternative,TransUnion Risk and Alternative
D & S DIVERSIFIED TECHNOLOGIES,D&S Diversified Technologies LLP
D&S DIVERSIFIED TECHNOLOGIES,D&S Diversified Technologies LLP
D&S DIVERSIFIED TECHNOLOGIES LLP,D&S Diversified Technologies LLP
D&S Diversified Technologies,D&S Diversified Technologies LLP
D&S Diversified Technologies LLP,D&S Diversified Technologies LLP
JAMES WIMBERG,James Wimberg
James Wimberg,James Wimberg
PLSO Southwestern Chapter,PLSO Southwestern Chapter
PLSO Southwestern chapter,PLSO Southwestern Chapter
Dayton Stencil Works Company,Dayton Stencil Works Company
THE DAYTON STENCIL WORKS COMPANY,Dayton Stencil Works Company
The Dayton Stencil Works Company,Dayton Stencil Works Company
"John R Keuffer, III","John R. Keuffer, III"
"John R. Keuffer, III","John R. Keuffer, III"
St. Bernard Shurfine Foods,St. Bernard Shurfine Foods
St/ Bernard Shurfine Foods,St. Bernard Shurfine Foods
"Clerk,  US District Court","Clerk, U.S. District Court"
"Clerk, U.S. District Court","Clerk, U.S. District Court"
"Clerk, US District Court","Clerk, U.S. District Court"
N.I.A.I.A,N.I.A.I.A.
N.I.A.I.A.,N.I.A.I.A.
"NIAIA, Inc",N.I.A.I.A.
NEW HARBINGER PUBLICATIONS,New Harbinger Publications
NEW HARBINGER PUBLICATIONS INC,New Harbinger Publications
CYNTHIA McCARTHY,CYNTHIA McCARTHY
Cynthia McCarthy,CYNTHIA McCARTHY
SWOTAA/D.O. PETERSON,Swotaa/D.O. Peterson
SWOTAA/D.O. Peterson,Swotaa/D.O. Peterson
MERRILY BRAUCHT,Merrily Braucht
Merrily Braucht,Merrily Braucht
"JOHN A MEYER, JR","John A Meyer, Jr"
"JOHN A. MEYER, JR","John A Meyer, Jr"
CHICAGO TITLE INSURANCE CO,Chicago Title Insurance Co
Chicago Title Insurance Company,Chicago Title Insurance Co
Ms Dian Demmer,Ms. Dian Demmer
Ms. Dian Demmer,Ms. Dian Demmer
EDM Publishing,EDM Publishing Inc.
EDM Publishing Inc.,EDM Publishing Inc.
"EDM Publishing, Inc.",EDM Publishing Inc.
Center for Education & Employment Law,Center for Education and Employment Law
Center for Education and Employment Law,Center for Education and Employment Law
THE CODING INSTITUTE,The Coding Institute LLC
THE CODING INSTITUTE LLC,The Coding Institute LLC
PESI,Pesi Inc
PESI INC,Pesi Inc
"PESI, Inc.",Pesi Inc
Petsmart,Petsmart
Petsmart #1237,Petsmart
JOSHUA JUMP,Joshua Jump
Joshua Jump,Joshua Jump
SkillPath/ NST Seminars,SkillPath/NST Seminars
SkillPath/NST Seminars,SkillPath/NST Seminars
Skillpath/NST Seminars,SkillPath/NST Seminars
OHIO ASSOC OF BOARDS OF HEALTH,Ohio Assoc of Boards of Health
Ohio Assoc. of Boards of Health,Ohio Assoc of Boards of Health
LARZ ANDERSON TRUST,"Larz Anderson, Trust"
"LARZ ANDERSON, TRUST","Larz Anderson, Trust"
"Larz Anderson, Trust","Larz Anderson, Trust"
LAROSA'S INC,Larosa's Inc
"LaRosa's, Inc.",Larosa's Inc
Stephen G Meyer,Stephen G Meyer
Stephen G. Meyer,Stephen G Meyer
MIKE CAVANAUGH,Mike Cavanaugh
Mike Cavanaugh,Mike Cavanaugh
Association of Public TReasurers US&C,Association of Public TReasurers US&C
Association of Public Treasurers US&C,Association of Public TReasurers US&C
First Call Bartending & Catering,First Call Bartending & Catering
First Call Bartending & Catering LLC,First Call Bartending & Catering
AFIS Internet Inc.,"AFIS Internet, Inc"
"AFIS Internet, Inc","AFIS Internet, Inc"
ANDREA YANG,Andrea Yang
Andrea Yang,Andrea Yang
JEANNIE BECHTOLD,Jeannie Bechtold
Jeannie Bechtold,Jeannie Bechtold
NATIONAL ORGANIZATION OF BLACK LAW ENFORCEMENT,National Organization of Black Law Enforcement
National Organization of Black Law Enforcement,National Organization of Black Law Enforcement
RASHMI APARAJIT,Rashmi Aparajit
Rashmi Aparajit,Rashmi Aparajit
Weil Consulting & Conference Management Services,Weil Consulting and Conference Management Services
Weil Consulting and Conference Management Services,Weil Consulting and Conference Management Services
Cincinnati Flower Growers Association,The Cincinnati Flower Growers Association
The Cincinnati Flower Growers Association,The Cincinnati Flower Growers Association
JAMES J MECKSTROTH,James J Meckstroth
James J Meckstroth,James J Meckstroth
ABCO SAFETY,Abco Safety
Abco Safety,Abco Safety
Tina M Wesley,Tina M. Wesley
Tina M. Wesley,Tina M. Wesley
TextMe Inc,"TextMe, Inc"
TextMe Inc.,"TextMe, Inc"
"TextMe, Inc","TextMe, Inc"
"TextMe, Inc.","TextMe, Inc"
"Textme, Incorporated","TextMe, Inc"
V.I.P. DIGITAL PHOTOGRAPHY,VIP Digital Photography
VIP Digital Photography,VIP Digital Photography
YAHOO,Yahoo
Yahoo,Yahoo
FAIRFIELD INN & SUITES COLUMBUS POLARIS,Fairfield Inn & Suites ~ Columbus Polaris
FAIRFIELD INN & SUITES ~ COLUMBUS POLARIS,Fairfield Inn & Suites ~ Columbus Polaris
Project Management Institute,"Project Management Institute, Inc"
"Project Management Institute, Inc","Project Management Institute, Inc"
Lampke Court Reporting,Lampke Court Reporting Inc
Lampke Court Reporting Inc,Lampke Court Reporting Inc
Jeff  McElravy,Jeff McElravy
Jeff McElravy,Jeff McElravy
FOREVERGREEN,Forevergreen
Forevergreen,Forevergreen
Parkway Cleaners,Parkway Cleaners
Parkway Cleaners Inc.,Parkway Cleaners
Arbitration & Mediation Service,Arbitration & Mediation Service
Arbitration and Mediation Service,Arbitration & Mediation Service
PEOPLE,People
People,People
"Estate of Fred A Jennings C/O Richard Jennings, Trustee","Estate of Fred A. Jennings C/O Richard Jennings, Trustee"
"Estate of Fred A Jennings c/o Richard Jennings, Trustee","Estate of Fred A. Jennings C/O Richard Jennings, Trustee"
"Estate of Fred A. Jennings C/O Richard Jennings, Trustee","Estate of Fred A. Jennings C/O Richard Jennings, Trustee"
"Estate of Fred. A. Jennings C/O Richard Jennings, Trustee","Estate of Fred A. Jennings C/O Richard Jennings, Trustee"
Greater Cinti Finance Officers Assoc,Greater Cinti Finance Officers Assoc
Greater Cinti Finance Officers' Assoc.,Greater Cinti Finance Officers Assoc
EMPLOYEE ASSISTANCE PROFESSIONALS ASSOC,Employee Assistance Professionals Assoc Inc
EMPLOYEE ASSISTANCE PROFESSIONALS ASSOC INC,Employee Assistance Professionals Assoc Inc
"OHIO SENIOR OLYMPICS, INC.","Ohio Senior Olympics, Inc."
"OHIO SENIOR OLYMPICS,INC.","Ohio Senior Olympics, Inc."
Hamilton County Assoc of Chiefs Of Police,Hamilton County Assoc of Chiefs of Police
Hamilton County Assoc of Chiefs of Police,Hamilton County Assoc of Chiefs of Police
ASHISH BUDEV,Ashish Budev
Ashish Budev,Ashish Budev
Alabama Connection,"The Alabama Connection, Inc."
"The Alabama Connection, Inc.","The Alabama Connection, Inc."
SUBSCRIPTION SERVICES,Subscription Services
Subscription Services,Subscription Services
TONIA SMITH,Tonia Smith
Tonia Smith,Tonia Smith
CINCINNATI MAGAZINE,Cincinnati Magazine
Cincinnati Magazine,Cincinnati Magazine
RICK MEADE,Rick Meade
Rick Meade,Rick Meade
SASSI Institute,SASSI Institute
The Sassi Institute,SASSI Institute
HEISEL AND ASSOCIATES,"Heisel and Associates, Inc."
"HEISEL AND ASSOCIATES, INC.","Heisel and Associates, Inc."
Southern Ohio Chapter NOBLE,Southern Ohio Chapter NOBLE
Southern Ohio Chapter Noble,Southern Ohio Chapter NOBLE
AMERICAN PUBLIC HEALTH ASSOC,American Public Health Assoc
American Public Health Assoc.,American Public Health Assoc
LISA WEST,Lisa West
Lisa West,Lisa West
Ohio LTAP Center,The Ohio Ltap Center
THE OHIO LTAP CENTER,The Ohio Ltap Center
APA OHIO,APA Ohio
APA Ohio,APA Ohio
Cox Communications,"Cox Communications, Inc"
"Cox Communications, Inc","Cox Communications, Inc"
SWOTTA/D. O. PETERSON,SWOTTA/D. O. Peterson
SWOTTA/D. O. Peterson,SWOTTA/D. O. Peterson
W W NORTON & COMPANY,W W Norton & Company
W W Norton & Company,W W Norton & Company
BRIEN PHILLIPS,Brien Phillips
Brien Phillips,Brien Phillips
SWOTAA  c/o Linsey Hobbs,SWOTAA c/o Linsey Hobbs
SWOTAA c/o Linsey Hobbs,SWOTAA c/o Linsey Hobbs
SPORTS ILLUSTRATED,Sports Illustrated
Sports Illustrated,Sports Illustrated
American Israelite,The American Israelite Co. Inc.
The American Israelite Co. Inc.,The American Israelite Co. Inc.
Barron Niehaus Title Co,Barron Niehaus Title Company
Barron Niehaus Title Company,Barron Niehaus Title Company
PSYCHOTHERAPY NETWORKER,Psychotherapy Networker
Psychotherapy Networker,Psychotherapy Networker
WHOLE PERSON ASSOCIATES,Whole Person Associates Inc
WHOLE PERSON ASSOCIATES INC,Whole Person Associates Inc
International Assoication Of Arson Investigation Inc,International Assoication of Arson Investigation Inc
International Assoication of Arson Investigation Inc,International Assoication of Arson Investigation Inc
Michael L Felton,Michael L. Felton
Michael L. Felton,Michael L. Felton
University Of Louisville Testing Services,University of Louisville Testing Services
University of Louisville Testing Services,University of Louisville Testing Services
Verizon Wireless - Lert B,Verizon Wireless-LERT B
Verizon Wireless-LERT B,Verizon Wireless-LERT B
QUEST DIAGNOSTICS,Quest Diagnostics
Quest Diagnostics,Quest Diagnostics
Cynthia A Rashty,Cynthia A. Rashty
Cynthia A. Rashty,Cynthia A. Rashty
BARRY RICE,Barry Rice
Barry Rice,Barry Rice
BETSY BUCHANAN,Betsy Buchanan
Betsy Buchanan,Betsy Buchanan
HAMILTON COUNTY SHERIFF,Hamilton County Sheriff
Hamilton County Sheriff,Hamilton County Sheriff
EMMA WILSON,Emma Wilson
Emma Wilson,Emma Wilson
MICHAEL EVANS,Michael Evans
Michael Evans,Michael Evans
"O, THE OPRAH MAGAZINE",O-The Oprah Magazine
"O, The Oprah Magazine",O-The Oprah Magazine
O-THE OPRAH MAGAZINE,O-The Oprah Magazine
HAMILTON COUNTY AUDITOR,Hamilton County Auditor
Hamilton County Auditor,Hamilton County Auditor
"Supreme Court of Ohio, CCLE","The Supreme Court of Ohio, CCLE"
"The Supreme Court of Ohio, CCLE","The Supreme Court of Ohio, CCLE"
DAVID ANDERSON,David Anderson
David Anderson,David Anderson
Kentucky Interactive/Kentucky.Gov,Kentucky Interactive/Kentucky.gov
Kentucky Interactive/Kentucky.gov,Kentucky Interactive/Kentucky.gov
RYAN WELSH,Ryan Welsh
Ryan Welsh,Ryan Welsh
Health Care Logistics,Health Care Logistics
"Health Care Logistics, Inc.",Health Care Logistics
CHARLES VOGT,Charles Vogt
Charles Vogt,Charles Vogt
SWOTAA/LINSEY HOBBS,Swotaa/Linsey Hobbs
SWOTAA/Linsey Hobbs,Swotaa/Linsey Hobbs
CENTER FOR APPLICATIONS OF PSYCHOLOGICAL TYPE,"Center for Applications of Psychological Type, Inc."
"CENTER FOR APPLICATIONS OF PSYCHOLOGICAL TYPE, INC.","Center for Applications of Psychological Type, Inc."
KEVIN KAPPERS,Kevin Kappers
Kevin Kappers,Kevin Kappers
MARILYN GOLDFEDER,Marilyn Goldfeder
Marilyn Goldfeder,Marilyn Goldfeder
ROBERT J SCHROER,Robert J. Schroer
ROBERT J. SCHROER,Robert J. Schroer
TRISHA BLAKE,Trisha Blake
Trisha Blake,Trisha Blake
JARROD BOLDEN,Jarrod Bolden
Jarrod Bolden,Jarrod Bolden
International Association of Crime Analysis,The International Association of Crime Analysis
The International Association of Crime Analysis,The International Association of Crime Analysis
Hamilton County Sheriff Bureau of Records Div,Hamilton County Sheriff Bureau of Records Div
Hamilton County Sheriff Bureau of Records Div.,Hamilton County Sheriff Bureau of Records Div
MEDIMPACT HEALTHCARE SYSTEMS,Medimpact Healthcare Systems
MedImpact Healthcare Systems,Medimpact Healthcare Systems
GAIL LONG,Gail Long
Gail Long,Gail Long
TLO,"Tlo, LLC"
TLO LLC,"Tlo, LLC"
"TLO, LLC","Tlo, LLC"
